{
  "generationParameters": {
    "generationDate": "Mon Nov 03 2025 08:30:29 GMT+0000 (Coordinated Universal Time)",
    "generatorPlatform": "SAP Business Application Studio",
    "serviceType": "Local CAP",
    "metadataFilename": "",
    "serviceUrl": "http://localhost:4004/odata/v4/employee/",
    "appName": "employee",
    "appTitle": "App Title",
    "appDescription": "An SAP Fiori application.",
    "appNamespace": "employee.com",
    "ui5Theme": "sap_horizon",
    "ui5Version": "1.142.0",
    "enableCodeAssist": false,
    "enableEslint": false,
    "enableTypeScript": false,
    "showMockDataInfo": false,
    "generatorVersion": "1.19.3",
    "template": "Basic V4",
    "generatorName": "SAP Fiori Application Generator",
    "entityRelatedConfig": [],
    "launchText": "To launch the generated app, start your CAP project:  and navigate to the following location in your browser:\n\nhttp://localhost:4004/employee.com.employee/index.html"
  }
}
