ID;projectID;projectName;description;startDate;endDate;budget;allocatedHours;status;projectRole;projectOwner_ID;projectApprover_ID;projectSponsor_ID;isBillable;createdAt;modifiedAt;createdBy;modifiedBy
b47ac10b-58cc-4372-a567-0e02b2c3d500;PRJ001;E-Commerce Platform;Development of new e-commerce platform with payment integration;2024-02-01;2024-08-31;500000.00;2400;Active;Developing;f47ac10b-58cc-4372-a567-0e02b2c3d479;f47ac10b-58cc-4372-a567-0e02b2c3d479;f47ac10b-58cc-4372-a567-0e02b2c3d479;true;2024-01-25T08:00:00Z;2024-01-25T08:00:00Z;anonymous;anonymous
b47ac10b-58cc-4372-a567-0e02b2c3d501;PRJ002;Mobile Banking App;iOS and Android mobile banking application;2024-03-01;2024-09-30;750000.00;3200;Active;Developing;f47ac10b-58cc-4372-a567-0e02b2c3d479;f47ac10b-58cc-4372-a567-0e02b2c3d479;f47ac10b-58cc-4372-a567-0e02b2c3d479;true;2024-02-10T08:00:00Z;2024-02-10T08:00:00Z;anonymous;anonymous
b47ac10b-58cc-4372-a567-0e02b2c3d502;PRJ003;CRM System Upgrade;Upgrade existing CRM system to latest version;2024-01-15;2024-06-30;350000.00;1800;Active;Testing;f47ac10b-58cc-4372-a567-0e02b2c3d480;f47ac10b-58cc-4372-a567-0e02b2c3d480;f47ac10b-58cc-4372-a567-0e02b2c3d480;true;2024-01-10T08:00:00Z;2024-01-10T08:00:00Z;anonymous;anonymous
b47ac10b-58cc-4372-a567-0e02b2c3d503;PRJ004;Data Analytics Dashboard;Business intelligence and analytics dashboard;2024-02-15;2024-07-31;420000.00;2000;Active;Designing;f47ac10b-58cc-4372-a567-0e02b2c3d481;f47ac10b-58cc-4372-a567-0e02b2c3d481;f47ac10b-58cc-4372-a567-0e02b2c3d481;true;2024-02-05T08:00:00Z;2024-02-05T08:00:00Z;anonymous;anonymous
b47ac10b-58cc-4372-a567-0e02b2c3d504;PRJ005;Cloud Migration;Migrate on-premise infrastructure to AWS cloud;2024-03-01;2024-10-31;850000.00;3600;Active;Deploying;f47ac10b-58cc-4372-a567-0e02b2c3d482;f47ac10b-58cc-4372-a567-0e02b2c3d482;f47ac10b-58cc-4372-a567-0e02b2c3d482;true;2024-02-20T08:00:00Z;2024-02-20T08:00:00Z;anonymous;anonymous
b47ac10b-58cc-4372-a567-0e02b2c3d505;PRJ006;HR Portal;Employee self-service HR portal;2024-01-01;2024-05-31;280000.00;1600;Active;Developing;f47ac10b-58cc-4372-a567-0e02b2c3d483;f47ac10b-58cc-4372-a567-0e02b2c3d483;f47ac10b-58cc-4372-a567-0e02b2c3d483;true;2023-12-15T08:00:00Z;2023-12-15T08:00:00Z;anonymous;anonymous
b47ac10b-58cc-4372-a567-0e02b2c3d506;PRJ007;Inventory Management System;Warehouse inventory tracking system;2024-02-10;2024-08-15;380000.00;2200;Active;Developing;f47ac10b-58cc-4372-a567-0e02b2c3d484;f47ac10b-58cc-4372-a567-0e02b2c3d484;f47ac10b-58cc-4372-a567-0e02b2c3d484;true;2024-01-30T08:00:00Z;2024-01-30T08:00:00Z;anonymous;anonymous
b47ac10b-58cc-4372-a567-0e02b2c3d507;PRJ008;Customer Support Portal;24/7 customer support and ticketing system;2024-01-20;2024-07-20;320000.00;1920;Active;Developing;f47ac10b-58cc-4372-a567-0e02b2c3d485;f47ac10b-58cc-4372-a567-0e02b2c3d485;f47ac10b-58cc-4372-a567-0e02b2c3d485;true;2024-01-15T08:00:00Z;2024-01-15T08:00:00Z;anonymous;anonymous