{
  "generationParameters": {
    "generationDate": "Tue Oct 21 2025 07:17:02 GMT+0000 (Coordinated Universal Time)",
    "generatorPlatform": "SAP Business Application Studio",
    "serviceType": "Local CAP",
    "metadataFilename": "",
    "serviceUrl": "http://localhost:4004/odata/v4/employee/",
    "appName": "admin",
    "appTitle": "App Title",
    "appDescription": "An SAP Fiori application.",
    "appNamespace": "admin.com",
    "ui5Theme": "sap_horizon",
    "ui5Version": "1.141.2",
    "enableCodeAssist": false,
    "enableEslint": false,
    "enableTypeScript": false,
    "showMockDataInfo": false,
    "generatorVersion": "1.19.1",
    "template": "Basic V4",
    "generatorName": "SAP Fiori Application Generator",
    "entityRelatedConfig": [],
    "launchText": "To launch the generated app, start your CAP project:  and navigate to the following location in your browser:\n\nhttp://localhost:4004/admin/webapp/index.html"
  }
}
