ID;activityID;activity;activityType;project_ID;isBillable;plannedHours;startDate;endDate;status;createdAt;createdBy;modifiedAt;modifiedBy
c47ac10b-58cc-4372-a567-0e02b2c3d510;ACT001;New UI Development;Project;b47ac10b-58cc-4372-a567-0e02b2c3d500;true;800;2025-01-01;2025-12-31;Active;2025-01-01T08:00:00Z;admin;2025-01-01T08:00:00Z;admin
c47ac10b-58cc-4372-a567-0e02b2c3d511;ACT002;New CAPI Development;Project;b47ac10b-58cc-4372-a567-0e02b2c3d500;true;1000;2025-01-01;2025-12-31;Active;2025-01-01T08:00:00Z;admin;2025-01-01T08:00:00Z;admin
c47ac10b-58cc-4372-a567-0e02b2c3d512;ACT003;Production Bug Fix;Project;b47ac10b-58cc-4372-a567-0e02b2c3d500;true;600;2025-01-01;2025-12-31;Active;2025-01-01T08:00:00Z;admin;2025-01-01T08:00:00Z;admin
c47ac10b-58cc-4372-a567-0e02b2c3d513;ACT004;UAT Bug Fix;Project;b47ac10b-58cc-4372-a567-0e02b2c3d500;true;400;2025-01-01;2025-12-31;Active;2025-01-01T08:00:00Z;admin;2025-01-01T08:00:00Z;admin
c47ac10b-58cc-4372-a567-0e02b2c3d514;ACT005;XDP Creation;Project;b47ac10b-58cc-4372-a567-0e02b2c3d500;true;500;2025-01-01;2025-12-31;Active;2025-01-01T08:00:00Z;admin;2025-01-01T08:00:00Z;admin
c47ac10b-58cc-4372-a567-0e02b2c3d515;ACT006;Production Support;Project;b47ac10b-58cc-4372-a567-0e02b2c3d500;true;600;2025-01-01;2025-12-31;Active;2025-01-01T08:00:00Z;admin;2025-01-01T08:00:00Z;admin
c47ac10b-58cc-4372-a567-0e02b2c3d516;ACT007;Client Call;Project;b47ac10b-58cc-4372-a567-0e02b2c3d500;true;300;2025-01-01;2025-12-31;Active;2025-01-01T08:00:00Z;admin;2025-01-01T08:00:00Z;admin
c47ac10b-58cc-4372-a567-0e02b2c3d517;ACT008;Documentation;Project;b47ac10b-58cc-4372-a567-0e02b2c3d500;true;600;2025-01-01;2025-12-31;Active;2025-01-01T08:00:00Z;admin;2025-01-01T08:00:00Z;admin
c47ac10b-58cc-4372-a567-0e02b2c3d520;ACT009;UI Development;Project;b47ac10b-58cc-4372-a567-0e02b2c3d501;true;900;2025-01-01;2025-12-31;Active;2025-01-01T08:00:00Z;admin;2025-01-01T08:00:00Z;admin
c47ac10b-58cc-4372-a567-0e02b2c3d521;ACT010;CAP Development;Project;b47ac10b-58cc-4372-a567-0e02b2c3d501;true;1200;2025-01-01;2025-12-31;Active;2025-01-01T08:00:00Z;admin;2025-01-01T08:00:00Z;admin
c47ac10b-58cc-4372-a567-0e02b2c3d522;ACT011;QA Testing;Project;b47ac10b-58cc-4372-a567-0e02b2c3d501;true;800;2025-01-01;2025-12-31;Active;2025-01-01T08:00:00Z;admin;2025-01-01T08:00:00Z;admin
c47ac10b-58cc-4372-a567-0e02b2c3d523;ACT012;Client Call;Project;b47ac10b-58cc-4372-a567-0e02b2c3d501;true;300;2025-01-01;2025-12-31;Active;2025-01-01T08:00:00Z;admin;2025-01-01T08:00:00Z;admin
c47ac10b-58cc-4372-a567-0e02b2c3d524;ACT013;Bug Fixes;Project;b47ac10b-58cc-4372-a567-0e02b2c3d501;true;700;2025-01-01;2025-12-31;Active;2025-01-01T08:00:00Z;admin;2025-01-01T08:00:00Z;admin
c47ac10b-58cc-4372-a567-0e02b2c3d525;ACT014;Test Scripts;Project;b47ac10b-58cc-4372-a567-0e02b2c3d501;true;600;2025-01-01;2025-12-31;Active;2025-01-01T08:00:00Z;admin;2025-01-01T08:00:00Z;admin
c47ac10b-58cc-4372-a567-0e02b2c3d526;ACT015;Wireframing;Project;b47ac10b-58cc-4372-a567-0e02b2c3d501;true;700;2025-01-01;2025-12-31;Active;2025-01-01T08:00:00Z;admin;2025-01-01T08:00:00Z;admin