{
  "model/models.js.map": 1763637496659,
  "manifest.json": 1763502014804,
  "controller/Employee.controller.js": 1763629378861,
  "controller/AuthCheck.controller.js": 1763502549483,
  "controller/App.controller.js": 1762843000874,
  "model/models.js": 1762843000874,
  "Component.js": 1763621428919,
  "controller/App-dbg.controller.js": 1762843000874,
  "controller/App.controller.js.map": 1763637496659,
  "controller/AuthCheck-dbg.controller.js": 1763502549483,
  "controller/AuthCheck.controller.js.map": 1763637496666,
  "controller/Employee-dbg.controller.js": 1763629378861,
  "controller/Employee.controller.js.map": 1763637496789,
  "model/models-dbg.js": 1762843000874,
  "i18n/i18n.properties": 1762843000870,
  "Component-dbg.js": 1763621428919,
  "Component.js.map": 1763637496665,
  "Component-preload.js": 1763637496948,
  "Component-preload.js.map": 1763637496949,
  "view/Employee.view.xml": 1763633358957,
  "view/AuthCheck.view.xml": 1763502460050,
  "view/App.view.xml": 1762843000878,
  "Fragments/TaskDetailDialog.xml": 1762843372450,
  "Fragments/ProfileDialog.fragment.xml": 1762843372430,
  "Fragments/EditTimeEntry.fragment.xml": 1762843372430,
  "Fragments/EditHoursDialog.fragment.xml": 1762843372430,
  "Fragments/EditDayHours.fragment.xml": 1762843372430,
  "Fragments/EditComment.fragment.xml": 1762843372430,
  "Fragments/DayFieldActions.fragment.xml": 1762843372430,
  "Fragments/CommentOptions.fragment.xml": 1762843372430,
  "Fragments/AddTimeEntry.fragment.xml": 1763572940578,
  "Fragments/AddDailyComment.fragment.xml": 1762843372430,
  "Fragments/AddComment.fragment.xml": 1762843372430,
  "css/style.css": 1763614379291,
  "index.html": 1762843000870
}