{
  "controller/Employee.controller.js.map": 1765197695742,
  "controller/App.controller.js": 1764408689750,
  "controller/Employee.controller.js": 1765191471326,
  "model/models.js": 1764408689750,
  "manifest.json": 1764599376464,
  "Component.js": 1764593016476,
  "controller/App-dbg.controller.js": 1764408689750,
  "controller/App.controller.js.map": 1765197695528,
  "controller/Employee-dbg.controller.js": 1765191471326,
  "i18n/i18n.properties": 1764408689750,
  "model/models-dbg.js": 1764408689750,
  "model/models.js.map": 1765197695535,
  "Component-dbg.js": 1764593016476,
  "Component.js.map": 1765197695537,
  "Component-preload.js": 1765197696018,
  "Component-preload.js.map": 1765197696019,
  "view/Employee.view.xml": 1765195269591,
  "view/App.view.xml": 1764408689750,
  "css/style.css": 1765125305920,
  "Fragments/ProfileDialog.fragment.xml": 1764660126877,
  "Fragments/LeaveBalance.fragment.xml": 1765125260208,
  "Fragments/EditTimeEntry.fragment.xml": 1764408689750,
  "Fragments/EditHoursDialog.fragment.xml": 1764408689750,
  "Fragments/EditDayHours.fragment.xml": 1764408689750,
  "Fragments/AddTimeEntry.fragment.xml": 1765120874241,
  "index.html": 1764408689750
}