{
  "Fragments/EditDayHours.fragment.xml": 1762843372430,
  "Component.js": 1763621428919,
  "controller/Employee.controller.js": 1764322145264,
  "controller/App.controller.js": 1762843000874,
  "manifest.json": 1764149864215,
  "model/models.js": 1762843000874,
  "controller/App-dbg.controller.js": 1762843000874,
  "controller/App.controller.js.map": 1764322969087,
  "controller/Employee-dbg.controller.js": 1764322145264,
  "controller/Employee.controller.js.map": 1764322969367,
  "Component-dbg.js": 1763621428919,
  "Component.js.map": 1764322969091,
  "model/models-dbg.js": 1762843000874,
  "model/models.js.map": 1764322969087,
  "Component-preload.js": 1764322969792,
  "Component-preload.js.map": 1764322969792,
  "view/Employee.view.xml": 1764267372399,
  "view/App.view.xml": 1762843000878,
  "css/style.css": 1764304823992,
  "Fragments/ProfileDialog.fragment.xml": 1764265599332,
  "Fragments/EditTimeEntry.fragment.xml": 1762843372430,
  "Fragments/EditHoursDialog.fragment.xml": 1762843372430,
  "i18n/i18n.properties": 1762843000870,
  "Fragments/AddTimeEntry.fragment.xml": 1764254238851,
  "index.html": 1764236937785
}