<core:FragmentDefinition
    xmlns="sap.m"
    xmlns:core="sap.ui.core"
    xmlns:f="sap.ui.layout.form">
    <Dialog
        id="profileDialog"
        title="Employee Profile"
        class="sapUiPopupWithPadding"
        contentWidth="500px"
        afterClose="onCloseProfileDialog">

        <f:SimpleForm id="_IDGenSimpleForm"
            editable="false"
            layout="ResponsiveGridLayout"
            labelSpanXL="4"
            labelSpanL="4"
            labelSpanM="4"
            columnsXL="2"
            columnsL="2"
            columnsM="2">

            <f:content>
                <Label id="_IDGenLabel13" text="Employee ID"/>
                <Text id="_IDGenText" text="{view>/profile/employeeID}"/>

                <Label id="_IDGenLabel14" text="First Name"/>
                <Text id="_IDGenText1" text="{view>/profile/firstName}"/>

                <Label id="_IDGenLabel15" text="Last Name"/>
                <Text id="_IDGenText11" text="{view>/profile/lastName}"/>

                <Label id="_IDGenLabel16" text="Email"/>
                <Text id="_IDGenText12" text="{view>/profile/email}"/>

                <Label id="_IDGenLabel17" text="Manager Name"/>
                <Text id="_IDGenText13" text="{view>/profile/managerName}"/>

                <Label id="_IDGenLabel18" text="Manager Email"/>
                <Text id="_IDGenText14" text="{view>/profile/managerEmail}"/>

                <Label id="_IDGenLabel19" text="Active Status"/>
                <ObjectStatus id="_IDGenObjectStatus"
                    text="{view>/profile/activeStatus}"
                    state="{= ${view>/profile/activeStatus} === 'Yes' ? 'Success' : 'Error' }"/>

                <Label id="_IDGenLabel20" text="Changed By"/>
                <Text id="_IDGenText15" text="{view>/profile/changedBy}"/>

                <Label id="_IDGenLabel21" text="User Role"/>
                <Text id="_IDGenText27" text="{view>/profile/userRole}"/>
            </f:content>
        </f:SimpleForm>

        <buttons>
            <Button id="_IDGenButton3" text="Close" type="Emphasized" press="onCloseProfileDialog"/>
        </buttons>
    </Dialog>
</core:FragmentDefinition>
