{
  "Fragments/EditTimeEntry.fragment.xml": 1764408689750,
  "controller/Employee.controller.js": 1765772424671,
  "model/models.js": 1764408689750,
  "controller/App.controller.js": 1764408689750,
  "manifest.json": 1764599376464,
  "Component.js": 1764593016476,
  "controller/App-dbg.controller.js": 1764408689750,
  "controller/App.controller.js.map": 1765783855671,
  "model/models-dbg.js": 1764408689750,
  "model/models.js.map": 1765783855702,
  "controller/Employee-dbg.controller.js": 1765772424671,
  "controller/Employee.controller.js.map": 1765783855945,
  "Component-dbg.js": 1764593016476,
  "Component.js.map": 1765783855715,
  "Component-preload.js": 1765783856318,
  "Component-preload.js.map": 1765783856318,
  "view/Employee.view.xml": 1765449443176,
  "view/App.view.xml": 1764408689750,
  "css/style.css": 1765343957195,
  "Fragments/ProfileDialog.fragment.xml": 1764660126877,
  "Fragments/LeaveBalance.fragment.xml": 1765514569276,
  "i18n/i18n.properties": 1764408689750,
  "Fragments/EditHoursDialog.fragment.xml": 1764408689750,
  "Fragments/EditDayHours.fragment.xml": 1764408689750,
  "Fragments/AddTimeEntry.fragment.xml": 1765279745622,
  "index.html": 1764408689750
}