{
  "Fragments/ProfileDialog.fragment.xml": 1762843372430,
  "Component.js": 1763621428919,
  "controller/Employee.controller.js": 1764220110753,
  "controller/App.controller.js": 1762843000874,
  "manifest.json": 1764149864215,
  "model/models.js": 1762843000874,
  "model/models-dbg.js": 1762843000874,
  "model/models.js.map": 1764221025397,
  "controller/Employee-dbg.controller.js": 1764220110753,
  "controller/Employee.controller.js.map": 1764221025523,
  "controller/App-dbg.controller.js": 1762843000874,
  "controller/App.controller.js.map": 1764221025397,
  "Component-dbg.js": 1763621428919,
  "Component.js.map": 1764221025407,
  "Component-preload.js": 1764221025689,
  "Component-preload.js.map": 1764221025689,
  "view/Employee.view.xml": 1764220064777,
  "view/App.view.xml": 1762843000878,
  "css/style.css": 1763957997968,
  "Fragments/TaskDetailDialog.xml": 1762843372450,
  "i18n/i18n.properties": 1762843000870,
  "Fragments/EditTimeEntry.fragment.xml": 1762843372430,
  "Fragments/EditHoursDialog.fragment.xml": 1762843372430,
  "Fragments/EditDayHours.fragment.xml": 1762843372430,
  "Fragments/EditComment.fragment.xml": 1762843372430,
  "Fragments/DayFieldActions.fragment.xml": 1762843372430,
  "Fragments/CommentOptions.fragment.xml": 1762843372430,
  "Fragments/AddTimeEntry.fragment.xml": 1763821168410,
  "Fragments/AddDailyComment.fragment.xml": 1762843372430,
  "Fragments/AddComment.fragment.xml": 1762843372430,
  "index.html": 1764150272697
}