{
  "css/style.css": 1764660147669,
  "Component.js": 1764593016476,
  "controller/Employee.controller.js": 1764408689750,
  "controller/App.controller.js": 1764408689750,
  "manifest.json": 1764599376464,
  "model/models.js": 1764408689750,
  "controller/Employee-dbg.controller.js": 1764408689750,
  "controller/Employee.controller.js.map": 1764839164062,
  "Component-dbg.js": 1764593016476,
  "Component.js.map": 1764839163839,
  "controller/App-dbg.controller.js": 1764408689750,
  "controller/App.controller.js.map": 1764839163836,
  "model/models-dbg.js": 1764408689750,
  "model/models.js.map": 1764839163837,
  "Component-preload.js": 1764839164349,
  "Component-preload.js.map": 1764839164349,
  "view/Employee.view.xml": 1764408689750,
  "view/App.view.xml": 1764408689750,
  "i18n/i18n.properties": 1764408689750,
  "Fragments/ProfileDialog.fragment.xml": 1764660126877,
  "Fragments/EditTimeEntry.fragment.xml": 1764408689750,
  "Fragments/EditHoursDialog.fragment.xml": 1764408689750,
  "Fragments/EditDayHours.fragment.xml": 1764408689750,
  "Fragments/AddTimeEntry.fragment.xml": 1764408689750,
  "index.html": 1764408689750
}