{
  "Fragments/AddTimeEntry.fragment.xml": 1765120874241,
  "controller/Employee.controller.js": 1765125138171,
  "model/models.js": 1764408689750,
  "controller/App.controller.js": 1764408689750,
  "manifest.json": 1764599376464,
  "Component.js": 1764593016476,
  "Component-dbg.js": 1764593016476,
  "Component.js.map": 1765125563214,
  "model/models-dbg.js": 1764408689750,
  "model/models.js.map": 1765125563214,
  "controller/App-dbg.controller.js": 1764408689750,
  "controller/App.controller.js.map": 1765125563155,
  "controller/Employee-dbg.controller.js": 1765125138171,
  "controller/Employee.controller.js.map": 1765125563463,
  "Component-preload.js": 1765125563762,
  "Component-preload.js.map": 1765125563762,
  "view/Employee.view.xml": 1765122680927,
  "view/App.view.xml": 1764408689750,
  "css/style.css": 1765125305920,
  "Fragments/ProfileDialog.fragment.xml": 1764660126877,
  "Fragments/LeaveBalance.fragment.xml": 1765125260208,
  "Fragments/EditTimeEntry.fragment.xml": 1764408689750,
  "Fragments/EditHoursDialog.fragment.xml": 1764408689750,
  "Fragments/EditDayHours.fragment.xml": 1764408689750,
  "i18n/i18n.properties": 1764408689750,
  "index.html": 1764408689750
}