{
  "Fragments/AddTimeEntry.fragment.xml": 1765279745622,
  "Component.js": 1766033011171,
  "controller/OTPVerification.controller.js": 1766032445998,
  "controller/Employee.controller.js": 1765772424671,
  "controller/App.controller.js": 1764408689750,
  "manifest.json": 1766032829019,
  "model/models.js": 1764408689750,
  "controller/OTPVerification-dbg.controller.js": 1766032445998,
  "controller/OTPVerification.controller.js.map": 1766055997956,
  "Component-dbg.js": 1766033011171,
  "Component.js.map": 1766055997962,
  "controller/Employee-dbg.controller.js": 1765772424671,
  "controller/Employee.controller.js.map": 1766055998282,
  "controller/App-dbg.controller.js": 1764408689750,
  "controller/App.controller.js.map": 1766055997933,
  "model/models-dbg.js": 1764408689750,
  "model/models.js.map": 1766055997936,
  "Component-preload.js": 1766055998665,
  "Component-preload.js.map": 1766055998665,
  "view/OTPVerification.view.xml": 1766032421690,
  "view/Employee.view.xml": 1765449443176,
  "view/App.view.xml": 1764408689750,
  "Fragments/ProfileDialog.fragment.xml": 1764660126877,
  "Fragments/LeaveBalance.fragment.xml": 1765514569276,
  "Fragments/EditTimeEntry.fragment.xml": 1764408689750,
  "Fragments/EditHoursDialog.fragment.xml": 1764408689750,
  "Fragments/EditDayHours.fragment.xml": 1764408689750,
  "i18n/i18n.properties": 1764408689750,
  "css/style.css": 1765343957195,
  "index.html": 1764408689750
}