{
  "Component-preload.js.map": 1764068714223,
  "controller/App.controller.js": 1762843000874,
  "controller/Employee.controller.js": 1764062011080,
  "model/models.js": 1762843000874,
  "manifest.json": 1764060339810,
  "Component.js": 1763621428919,
  "controller/App-dbg.controller.js": 1762843000874,
  "controller/App.controller.js.map": 1764068713752,
  "controller/Employee-dbg.controller.js": 1764062011080,
  "controller/Employee.controller.js.map": 1764068713947,
  "model/models-dbg.js": 1762843000874,
  "model/models.js.map": 1764068713801,
  "Component-dbg.js": 1763621428919,
  "Component.js.map": 1764068713799,
  "Component-preload.js": 1764068714223,
  "i18n/i18n.properties": 1762843000870,
  "view/Employee.view.xml": 1764065378064,
  "view/App.view.xml": 1762843000878,
  "Fragments/TaskDetailDialog.xml": 1762843372450,
  "Fragments/ProfileDialog.fragment.xml": 1762843372430,
  "Fragments/EditTimeEntry.fragment.xml": 1762843372430,
  "Fragments/EditHoursDialog.fragment.xml": 1762843372430,
  "Fragments/EditDayHours.fragment.xml": 1762843372430,
  "Fragments/EditComment.fragment.xml": 1762843372430,
  "Fragments/DayFieldActions.fragment.xml": 1762843372430,
  "Fragments/CommentOptions.fragment.xml": 1762843372430,
  "Fragments/AddTimeEntry.fragment.xml": 1763821168410,
  "Fragments/AddDailyComment.fragment.xml": 1762843372430,
  "Fragments/AddComment.fragment.xml": 1762843372430,
  "css/style.css": 1763957997968,
  "index.html": 1762843000870
}