<core:FragmentDefinition
    xmlns="sap.m"
    xmlns:core="sap.ui.core"
    xmlns:l="sap.ui.layout"
    xmlns:f="sap.ui.layout.form"
    xmlns:app="http://schemas.sap.com/sapui5/extension/sap.ui.core.CustomData/1">

    <Dialog
        id="addEntryDialog"
        title="Add New Time Entry"
        contentWidth="350px"
        titleAlignment="Center">

        <content>
            <VBox class="sapUiMediumMarginBeginEnd sapUiSmallMarginTopBottom">
                <!-- Activity Date -->
                <VBox class="sapUiTinyMarginBottom">
                    <Label text="Activity Date:" design="Bold" required="true" class="sapUiTinyMarginBottom" />
                    <DatePicker
                        value="{timeEntryModel>/newEntry/selectedDate}"
                        placeholder="Select any date in the week"
                        change="onEntryDatePickerChange"
                        width="100%" />
                </VBox>

                <!-- Project Selection -->
                <VBox class="sapUiTinyMarginBottom">
                  <Label text="Project:" design="Bold" required="true" class="sapUiTinyMarginBottom" />
<ComboBox
    selectedKey="{timeEntryModel>/newEntry/projectId}"
    items="{timeEntryModel>/projectsToShow}"
    placeholder="Select a Project"
    change="onProjectChange"
    width="100%">
    <core:Item key="{timeEntryModel>id}" text="{timeEntryModel>name}" />
</ComboBox>

                </VBox>

                <!-- Task Selection -->
                <VBox class="sapUiTinyMarginBottom">
                    <Label text="Task:" design="Bold" required="true" class="sapUiTinyMarginBottom" />
                   <ComboBox
    items="{timeEntryModel>/tasksToShow}"
    width="100%"
    enabled="{= !${timeEntryModel>/isTaskDisabled} }"
    selectedKey="{timeEntryModel>/newEntry/workType}">
    <core:Item key="{timeEntryModel>type}" text="{timeEntryModel>name}" />
</ComboBox>

                </VBox>

                <!-- Hours -->
                <VBox class="sapUiTinyMarginBottom">
                    <Label text="Hours:" design="Bold" required="true" class="sapUiTinyMarginBottom" />
                    <ComboBox
                        selectedKey="{timeEntryModel>/newEntry/hours}"
                        placeholder="Select Hours"
                        width="100%">
                        <core:Item key="1" text="1" />
                        <core:Item key="2" text="2" />
                        <core:Item key="3" text="3" />
                        <core:Item key="4" text="4" />
                        <core:Item key="5" text="5" />
                        <core:Item key="6" text="6" />
                        <core:Item key="7" text="7" />
                        <core:Item key="8" text="8" />
                        <core:Item key="9" text="9" />
                        <core:Item key="10" text="10" />
                        <core:Item key="11" text="11" />
                        <core:Item key="12" text="12" />
                        <core:Item key="13" text="13" />
                        <core:Item key="14" text="14" />
                        <core:Item key="15" text="15" />
                    </ComboBox>
                </VBox>

                <!-- Task Details -->
                <VBox>
                    <Label text="Task Details:" design="Bold" required="true" class="sapUiTinyMarginBottom" />
                    <TextArea
                        id="taskDetailsTextArea"
                        value="{timeEntryModel>/newEntry/taskDetails}"
                        rows="4"
                        placeholder="Enter task details"
                        width="100%" />
                </VBox>
            </VBox>
        </content>

        <buttons>
            <Button
                text="Save"
                type="Emphasized"
                icon="sap-icon://save"
                press="onSaveNewEntry" />
            <!-- <Button
                text="Save + New"
                icon="sap-icon://add"
                press="onSaveAndNewEntry" /> -->
            <Button
                text="Cancel"
                icon="sap-icon://decline"
                press="onCancelNewEntry" />
        </buttons>
    </Dialog>
</core:FragmentDefinition>