{
  "controller/App.controller.js.map": 1763637490533,
  "manifest.json": 1762843251226,
  "controller/App.controller.js": 1762843088338,
  "controller/Admin.controller.js": 1763629001311,
  "model/models.js": 1762843088334,
  "Component.js": 1762843088326,
  "controller/App-dbg.controller.js": 1762843088338,
  "i18n/i18n.properties": 1762843088330,
  "controller/Admin-dbg.controller.js": 1763629001311,
  "controller/Admin.controller.js.map": 1763637490618,
  "model/models-dbg.js": 1762843088334,
  "model/models.js.map": 1763637490534,
  "Component-dbg.js": 1762843088326,
  "Component.js.map": 1763637490535,
  "Component-preload.js": 1763637490732,
  "Component-preload.js.map": 1763637490732,
  "view/App.view.xml": 1762843088338,
  "view/Admin.view.xml": 1763623971662,
  "css/style.css": 1762843088338,
  "index.html": 1762843088326
}