{
  "Component-preload.js.map": 1764068710063,
  "model/models.js": 1762843088334,
  "controller/App.controller.js": 1762843088338,
  "controller/Admin.controller.js": 1764045699138,
  "manifest.json": 1764064875605,
  "Component.js": 1762843088326,
  "model/models-dbg.js": 1762843088334,
  "model/models.js.map": 1764068709660,
  "controller/App-dbg.controller.js": 1762843088338,
  "controller/App.controller.js.map": 1764068709651,
  "controller/Admin-dbg.controller.js": 1764045699138,
  "controller/Admin.controller.js.map": 1764068709814,
  "Component-dbg.js": 1762843088326,
  "Component.js.map": 1764068709646,
  "Component-preload.js": 1764068710062,
  "i18n/i18n.properties": 1762843088330,
  "view/App.view.xml": 1762843088338,
  "view/Admin.view.xml": 1763987989867,
  "css/style.css": 1762843088338,
  "index.html": 1762843088326
}