{
  "controller/App.controller.js.map": 1764331046876,
  "Component.js": 1762843088326,
  "controller/App.controller.js": 1762843088338,
  "controller/Admin.controller.js": 1764314595282,
  "manifest.json": 1764236937781,
  "model/models.js": 1762843088334,
  "controller/Admin-dbg.controller.js": 1764314595282,
  "controller/Admin.controller.js.map": 1764331047033,
  "controller/App-dbg.controller.js": 1762843088338,
  "i18n/i18n.properties": 1762843088330,
  "Component-dbg.js": 1762843088326,
  "Component.js.map": 1764331046887,
  "model/models-dbg.js": 1762843088334,
  "model/models.js.map": 1764331046862,
  "Component-preload.js": 1764331047233,
  "Component-preload.js.map": 1764331047233,
  "css/style.css": 1764314547354,
  "view/App.view.xml": 1762843088338,
  "view/Admin.view.xml": 1764319419845,
  "index.html": 1762843088326
}