{
  "model/models-dbg.js": 1762843088334,
  "controller/Admin.controller.js": 1764219191653,
  "controller/App.controller.js": 1762843088338,
  "model/models.js": 1762843088334,
  "manifest.json": 1764064875605,
  "Component.js": 1762843088326,
  "controller/Admin-dbg.controller.js": 1764219191653,
  "controller/Admin.controller.js.map": 1764221021717,
  "controller/App-dbg.controller.js": 1762843088338,
  "controller/App.controller.js.map": 1764221021546,
  "i18n/i18n.properties": 1762843088330,
  "model/models.js.map": 1764221021542,
  "Component-dbg.js": 1762843088326,
  "Component.js.map": 1764221021593,
  "Component-preload.js": 1764221021946,
  "Component-preload.js.map": 1764221021946,
  "view/App.view.xml": 1762843088338,
  "view/Admin.view.xml": 1764220802540,
  "css/style.css": 1762843088338,
  "index.html": 1762843088326
}